match_id,season,round,match_date,kickoff_time,venue,neutral_venue,home_team,away_team
2025R12HawksBlues,2025,12,2025-06-06,19:50,MCG,0,Hawthorn,Carlton
2025R12PiesDons,2025,12,2025-06-07,15:45,MCG,0,Collingwood,Essendon
2025R12TigersLions,2025,12,2025-06-07,13:45,MCG,0,Richmond,Brisbane
2025R12CrowsSwans,2025,12,2025-06-07,16:35,Adelaide Oval,0,Adelaide,Sydney
2025R12DockersPower,2025,12,2025-06-08,16:40,Optus Stadium,0,Fremantle,Port Adelaide
2025R12CatsSuns,2025,12,2025-06-08,14:10,GMHBA Stadium,0,Geelong,Gold Coast
2025R12SaintsRoos,2025,12,2025-06-08,13:45,Marvel Stadium,0,St Kilda,North Melbourne
2025R12DeesDogs,2025,12,2025-06-08,15:20,MCG,0,Melbourne,Western Bulldogs
2025R12GWSWCE,2025,12,2025-06-08,14:15,ENGIE Stadium,0,GWS,West Coast
